case,lambda,trial,method,ari,precision,recall,f1,seconds,error
1_three_block,0.0,0,OSC,1.0,nan,nan,nan,0.23492754199833144,
1_three_block,0.0,0,SSC-TV,1.0,nan,nan,nan,0.40941824999754317,
1_three_block,0.0,0,SSC-TV-L21-P,0.890035520206679,nan,nan,nan,0.3324517500004731,
1_three_block,0.0,0,SSC-TV-L21-PQ,0.9674523255916755,nan,nan,nan,0.07651658399845473,
1_three_block,0.0,0,SSC-TV-E1E21,1.0,nan,nan,nan,0.4239488339953823,
1_three_block,0.0,0,SSC-TV-E1E21-L21-P,1.0,nan,nan,nan,0.37947612500283867,
1_three_block,0.0,0,SSC-TV-E1E21-L21-PQ,0.8831283667710013,nan,nan,nan,0.1858752919943072,
1_three_block,0.0,1,OSC,1.0,nan,nan,nan,0.2552708330040332,
1_three_block,0.0,1,SSC-TV,1.0,nan,nan,nan,0.4306729170057224,
1_three_block,0.0,1,SSC-TV-L21-P,0.5092723911643441,nan,nan,nan,0.37854858400532976,
1_three_block,0.0,1,SSC-TV-L21-PQ,1.0,nan,nan,nan,0.08627229199919384,
1_three_block,0.0,1,SSC-TV-E1E21,1.0,nan,nan,nan,0.4397205419954844,
1_three_block,0.0,1,SSC-TV-E1E21-L21-P,1.0,nan,nan,nan,0.3913542910013348,
1_three_block,0.0,1,SSC-TV-E1E21-L21-PQ,0.9400575858250276,nan,nan,nan,0.1828045409929473,
1_three_block,0.0,2,OSC,1.0,nan,nan,nan,0.24707599999965169,
1_three_block,0.0,2,SSC-TV,1.0,nan,nan,nan,0.42914316699898336,
1_three_block,0.0,2,SSC-TV-L21-P,0.9049327694458448,nan,nan,nan,0.3610135420021834,
1_three_block,0.0,2,SSC-TV-L21-PQ,1.0,nan,nan,nan,0.08816079200187232,
1_three_block,0.0,2,SSC-TV-E1E21,0.9835663798870359,nan,nan,nan,0.40374974999576807,
1_three_block,0.0,2,SSC-TV-E1E21-L21-P,1.0,nan,nan,nan,0.37774658401031047,
1_three_block,0.0,2,SSC-TV-E1E21-L21-PQ,0.9847043190764972,nan,nan,nan,0.17053704199497588,
1_three_block,0.0,3,OSC,1.0,nan,nan,nan,0.2739551660051802,
1_three_block,0.0,3,SSC-TV,1.0,nan,nan,nan,0.4343411659938283,
1_three_block,0.0,3,SSC-TV-L21-P,0.9682313552342227,nan,nan,nan,0.3452904169971589,
1_three_block,0.0,3,SSC-TV-L21-PQ,1.0,nan,nan,nan,0.09010075000696816,
1_three_block,0.0,3,SSC-TV-E1E21,1.0,nan,nan,nan,0.45221429198863916,
1_three_block,0.0,3,SSC-TV-E1E21-L21-P,1.0,nan,nan,nan,0.37252833299862687,
1_three_block,0.0,3,SSC-TV-E1E21-L21-PQ,0.9695123440480129,nan,nan,nan,0.19622862499090843,
1_three_block,0.0,4,OSC,1.0,nan,nan,nan,0.2672293330106186,
1_three_block,0.0,4,SSC-TV,1.0,nan,nan,nan,0.4261975419940427,
1_three_block,0.0,4,SSC-TV-L21-P,0.3975104427643578,nan,nan,nan,0.34037487499881536,
1_three_block,0.0,4,SSC-TV-L21-PQ,1.0,nan,nan,nan,0.08034545899135992,
1_three_block,0.0,4,SSC-TV-E1E21,1.0,nan,nan,nan,0.42862708400934935,
1_three_block,0.0,4,SSC-TV-E1E21-L21-P,1.0,nan,nan,nan,0.3681410409917589,
1_three_block,0.0,4,SSC-TV-E1E21-L21-PQ,0.9610819297760606,nan,nan,nan,0.17739266599528491,
1_three_block,0.05,0,OSC,1.0,nan,nan,nan,0.2604311670002062,
1_three_block,0.05,0,SSC-TV,1.0,nan,nan,nan,0.41200799999933224,
1_three_block,0.05,0,SSC-TV-L21-P,0.9382926024596597,nan,nan,nan,0.35103624999464955,
1_three_block,0.05,0,SSC-TV-L21-PQ,0.8837476886512708,nan,nan,nan,0.06686291600635741,
1_three_block,0.05,0,SSC-TV-E1E21,1.0,nan,nan,nan,0.4234843330050353,
1_three_block,0.05,0,SSC-TV-E1E21-L21-P,1.0,nan,nan,nan,0.3926820839988068,
1_three_block,0.05,0,SSC-TV-E1E21-L21-PQ,0.7454939956692965,nan,nan,nan,0.2787758749909699,
1_three_block,0.05,1,OSC,1.0,nan,nan,nan,0.2660399169981247,
1_three_block,0.05,1,SSC-TV,0.9879859471417122,nan,nan,nan,0.43841891700867563,
1_three_block,0.05,1,SSC-TV-L21-P,0.9254185104455813,nan,nan,nan,0.4088765830092598,
1_three_block,0.05,1,SSC-TV-L21-PQ,0.9846642926563689,nan,nan,nan,0.07419487499282695,
1_three_block,0.05,1,SSC-TV-E1E21,1.0,nan,nan,nan,0.43684374999429565,
1_three_block,0.05,1,SSC-TV-E1E21-L21-P,1.0,nan,nan,nan,0.41038329199363943,
1_three_block,0.05,1,SSC-TV-E1E21-L21-PQ,0.34694459926429605,nan,nan,nan,0.28710308400331996,
1_three_block,0.05,2,OSC,1.0,nan,nan,nan,0.2678396670089569,
1_three_block,0.05,2,SSC-TV,1.0,nan,nan,nan,0.4395664579933509,
1_three_block,0.05,2,SSC-TV-L21-P,0.9847043190764972,nan,nan,nan,0.3700052079948364,
1_three_block,0.05,2,SSC-TV-L21-PQ,0.8076631073330139,nan,nan,nan,0.07007733300270047,
1_three_block,0.05,2,SSC-TV-E1E21,1.0,nan,nan,nan,0.435420374997193,
1_three_block,0.05,2,SSC-TV-E1E21-L21-P,1.0,nan,nan,nan,0.3782168749894481,
1_three_block,0.05,2,SSC-TV-E1E21-L21-PQ,0.2429286997129379,nan,nan,nan,0.27304429200012237,
1_three_block,0.05,3,OSC,1.0,nan,nan,nan,0.25689583299390506,
1_three_block,0.05,3,SSC-TV,0.9879937940352553,nan,nan,nan,0.41760404100932647,
1_three_block,0.05,3,SSC-TV-L21-P,0.9564848621391132,nan,nan,nan,0.3713604169897735,
1_three_block,0.05,3,SSC-TV-L21-PQ,0.9714453819036818,nan,nan,nan,0.07374216700554825,
1_three_block,0.05,3,SSC-TV-E1E21,0.9835663798870359,nan,nan,nan,0.45039058300608303,
1_three_block,0.05,3,SSC-TV-E1E21-L21-P,1.0,nan,nan,nan,0.4158339999994496,
1_three_block,0.05,3,SSC-TV-E1E21-L21-PQ,0.699011078602153,nan,nan,nan,0.2753920830000425,
1_three_block,0.05,4,OSC,1.0,nan,nan,nan,0.23741837500710972,
1_three_block,0.05,4,SSC-TV,0.9879937940352553,nan,nan,nan,0.4271136250026757,
1_three_block,0.05,4,SSC-TV-L21-P,0.9351520254343406,nan,nan,nan,0.36670379199495073,
1_three_block,0.05,4,SSC-TV-L21-PQ,0.9600707965775758,nan,nan,nan,0.0708750830090139,
1_three_block,0.05,4,SSC-TV-E1E21,1.0,nan,nan,nan,0.44483716700051446,
1_three_block,0.05,4,SSC-TV-E1E21-L21-P,0.9879937940352553,nan,nan,nan,0.41199470800347626,
1_three_block,0.05,4,SSC-TV-E1E21-L21-PQ,0.4223792920849929,nan,nan,nan,0.26945170800900087,
1_three_block,0.1,0,OSC,0.9879937940352553,nan,nan,nan,0.25184979201003443,
1_three_block,0.1,0,SSC-TV,1.0,nan,nan,nan,0.41827137500513345,
1_three_block,0.1,0,SSC-TV-L21-P,0.9130943033340098,nan,nan,nan,0.38425320900569204,
1_three_block,0.1,0,SSC-TV-L21-PQ,0.2582036457592441,nan,nan,nan,0.07494399999268353,
1_three_block,0.1,0,SSC-TV-E1E21,0.9835663798870359,nan,nan,nan,0.46476633299607784,
1_three_block,0.1,0,SSC-TV-E1E21-L21-P,1.0,nan,nan,nan,0.3843970839952817,
1_three_block,0.1,0,SSC-TV-E1E21-L21-PQ,0.05259178848060383,nan,nan,nan,0.2902783330064267,
1_three_block,0.1,1,OSC,0.9847043190764972,nan,nan,nan,0.2314678339898819,
1_three_block,0.1,1,SSC-TV,1.0,nan,nan,nan,0.4095265420037322,
1_three_block,0.1,1,SSC-TV-L21-P,0.9717028788446334,nan,nan,nan,0.3475354169931961,
1_three_block,0.1,1,SSC-TV-L21-PQ,0.5244606042523773,nan,nan,nan,0.06654874999367166,
1_three_block,0.1,1,SSC-TV-E1E21,1.0,nan,nan,nan,0.4145752909971634,
1_three_block,0.1,1,SSC-TV-E1E21-L21-P,1.0,nan,nan,nan,0.40779962501255795,
1_three_block,0.1,1,SSC-TV-E1E21-L21-PQ,0.18534478646589453,nan,nan,nan,0.28969270800007507,
1_three_block,0.1,2,OSC,1.0,nan,nan,nan,0.24922349999542348,
1_three_block,0.1,2,SSC-TV,1.0,nan,nan,nan,0.4095830419973936,
1_three_block,0.1,2,SSC-TV-L21-P,0.9835985593770207,nan,nan,nan,0.3493020419991808,
1_three_block,0.1,2,SSC-TV-L21-PQ,0.6878883152223734,nan,nan,nan,0.06463658400753047,
1_three_block,0.1,2,SSC-TV-E1E21,1.0,nan,nan,nan,0.40942333299608435,
1_three_block,0.1,2,SSC-TV-E1E21-L21-P,1.0,nan,nan,nan,0.39653808300499804,
1_three_block,0.1,2,SSC-TV-E1E21-L21-PQ,0.29834899239192614,nan,nan,nan,0.28693516699422617,
1_three_block,0.1,3,OSC,0.9847043190764972,nan,nan,nan,0.2353351659985492,
1_three_block,0.1,3,SSC-TV,1.0,nan,nan,nan,0.41694833400833886,
1_three_block,0.1,3,SSC-TV-L21-P,0.9400575858250276,nan,nan,nan,0.3556640839960892,
1_three_block,0.1,3,SSC-TV-L21-PQ,0.5352379426928888,nan,nan,nan,0.06498954199196305,
1_three_block,0.1,3,SSC-TV-E1E21,1.0,nan,nan,nan,0.4303112920024432,
1_three_block,0.1,3,SSC-TV-E1E21-L21-P,1.0,nan,nan,nan,0.3856669590022648,
1_three_block,0.1,3,SSC-TV-E1E21-L21-PQ,0.13568941529399114,nan,nan,nan,0.29264975000114646,
1_three_block,0.1,4,OSC,0.9835985593770207,nan,nan,nan,0.2360119999939343,
1_three_block,0.1,4,SSC-TV,0.9522619705185106,nan,nan,nan,0.40409545799775515,
1_three_block,0.1,4,SSC-TV-L21-P,0.9441192923649083,nan,nan,nan,0.3522484999994049,
1_three_block,0.1,4,SSC-TV-L21-PQ,0.2189512269493485,nan,nan,nan,0.06403745801071636,
1_three_block,0.1,4,SSC-TV-E1E21,1.0,nan,nan,nan,0.42105599999194965,
1_three_block,0.1,4,SSC-TV-E1E21-L21-P,1.0,nan,nan,nan,0.37553991700406186,
1_three_block,0.1,4,SSC-TV-E1E21-L21-PQ,0.05014156727232193,nan,nan,nan,0.3101654580095783,
1_three_block,0.2,0,OSC,0.946375284656281,nan,nan,nan,0.2312050410109805,
1_three_block,0.2,0,SSC-TV,0.6816754020276762,nan,nan,nan,0.3967891249922104,
1_three_block,0.2,0,SSC-TV-L21-P,0.9673244961990264,nan,nan,nan,0.3594957500026794,
1_three_block,0.2,0,SSC-TV-L21-PQ,0.10710831222166223,nan,nan,nan,0.07967312500113621,
1_three_block,0.2,0,SSC-TV-E1E21,0.9835663798870359,nan,nan,nan,0.42475700000068173,
1_three_block,0.2,0,SSC-TV-E1E21-L21-P,1.0,nan,nan,nan,0.38612112500413787,
1_three_block,0.2,0,SSC-TV-E1E21-L21-PQ,0.025528459013349276,nan,nan,nan,0.33070820799912326,
1_three_block,0.2,1,OSC,0.9835985593770207,nan,nan,nan,0.24458179199427832,
1_three_block,0.2,1,SSC-TV,0.7346374738695126,nan,nan,nan,0.4368040419940371,
1_three_block,0.2,1,SSC-TV-L21-P,0.9879937940352553,nan,nan,nan,0.35177287500118837,
1_three_block,0.2,1,SSC-TV-L21-PQ,0.15079549144208915,nan,nan,nan,0.08069250000698958,
1_three_block,0.2,1,SSC-TV-E1E21,1.0,nan,nan,nan,0.42889916599961,
1_three_block,0.2,1,SSC-TV-E1E21-L21-P,1.0,nan,nan,nan,0.39920695799810346,
1_three_block,0.2,1,SSC-TV-E1E21-L21-PQ,0.04597478751465826,nan,nan,nan,0.32935516600264236,
1_three_block,0.2,2,OSC,1.0,nan,nan,nan,0.24659200001042336,
1_three_block,0.2,2,SSC-TV,0.9564848621391132,nan,nan,nan,0.47551454199128784,
1_three_block,0.2,2,SSC-TV-L21-P,0.9674523255916755,nan,nan,nan,0.3613557079952443,
1_three_block,0.2,2,SSC-TV-L21-PQ,0.10882397557066634,nan,nan,nan,0.08464924999861978,
1_three_block,0.2,2,SSC-TV-E1E21,0.9835663798870359,nan,nan,nan,0.4777482079953188,
1_three_block,0.2,2,SSC-TV-E1E21-L21-P,1.0,nan,nan,nan,0.417511249994277,
1_three_block,0.2,2,SSC-TV-E1E21-L21-PQ,0.013231622917247136,nan,nan,nan,0.3512315830012085,
1_three_block,0.2,3,OSC,0.9847043190764972,nan,nan,nan,0.2397777909936849,
1_three_block,0.2,3,SSC-TV,0.8180945557859258,nan,nan,nan,0.4327631670021219,
1_three_block,0.2,3,SSC-TV-L21-P,0.9835663798870359,nan,nan,nan,0.3689308750035707,
1_three_block,0.2,3,SSC-TV-L21-PQ,0.17898522354024027,nan,nan,nan,0.08135137500357814,
1_three_block,0.2,3,SSC-TV-E1E21,0.9835663798870359,nan,nan,nan,0.4611240829981398,
1_three_block,0.2,3,SSC-TV-E1E21-L21-P,1.0,nan,nan,nan,0.439092166008777,
1_three_block,0.2,3,SSC-TV-E1E21-L21-PQ,-0.00030349166601806055,nan,nan,nan,0.37854341699858196,
1_three_block,0.2,4,OSC,1.0,nan,nan,nan,0.2571063749928726,
1_three_block,0.2,4,SSC-TV,0.5607541007160316,nan,nan,nan,0.44205224998586345,
1_three_block,0.2,4,SSC-TV-L21-P,0.9717194964220128,nan,nan,nan,0.3683192080061417,
1_three_block,0.2,4,SSC-TV-L21-PQ,0.11804497767238614,nan,nan,nan,0.08193949999986216,
1_three_block,0.2,4,SSC-TV-E1E21,1.0,nan,nan,nan,0.4697608330025105,
1_three_block,0.2,4,SSC-TV-E1E21-L21-P,0.9835985593770207,nan,nan,nan,0.4198425829963526,
1_three_block,0.2,4,SSC-TV-E1E21-L21-PQ,0.07236040373387648,nan,nan,nan,0.37127654199139215,
1_three_block,0.3,0,OSC,0.9522276166921421,nan,nan,nan,0.255459708001581,
1_three_block,0.3,0,SSC-TV,0.004536746919948713,nan,nan,nan,0.42461899999761954,
1_three_block,0.3,0,SSC-TV-L21-P,0.9062880552451316,nan,nan,nan,0.39290145799168386,
1_three_block,0.3,0,SSC-TV-L21-PQ,0.01657584860702691,nan,nan,nan,0.0950339580012951,
1_three_block,0.3,0,SSC-TV-E1E21,0.9835663798870359,nan,nan,nan,0.4830443750106497,
1_three_block,0.3,0,SSC-TV-E1E21-L21-P,0.9205676296918228,nan,nan,nan,0.43848145799711347,
1_three_block,0.3,0,SSC-TV-E1E21-L21-PQ,0.008099066388595748,nan,nan,nan,0.3632867080013966,
1_three_block,0.3,1,OSC,0.9879859471417122,nan,nan,nan,0.2636802089982666,
1_three_block,0.3,1,SSC-TV,0.2976482006423703,nan,nan,nan,0.4319242909987224,
1_three_block,0.3,1,SSC-TV-L21-P,0.8896290074368827,nan,nan,nan,0.38708225000300445,
1_three_block,0.3,1,SSC-TV-L21-PQ,0.010396225068683769,nan,nan,nan,0.09551587500027381,
1_three_block,0.3,1,SSC-TV-E1E21,0.9835663798870359,nan,nan,nan,0.45080725000298116,
1_three_block,0.3,1,SSC-TV-E1E21-L21-P,0.9847043190764972,nan,nan,nan,0.4289448329946026,
1_three_block,0.3,1,SSC-TV-E1E21-L21-PQ,0.0011420499133245967,nan,nan,nan,0.3451006670075003,
1_three_block,0.3,2,OSC,1.0,nan,nan,nan,0.23533262500131968,
1_three_block,0.3,2,SSC-TV,0.05742406918498105,nan,nan,nan,0.40447820800181944,
1_three_block,0.3,2,SSC-TV-L21-P,0.9236669657470821,nan,nan,nan,0.36854404100449756,
1_three_block,0.3,2,SSC-TV-L21-PQ,0.015240903810555819,nan,nan,nan,0.09638595901196823,
1_three_block,0.3,2,SSC-TV-E1E21,0.9835663798870359,nan,nan,nan,0.44680000000516884,
1_three_block,0.3,2,SSC-TV-E1E21-L21-P,0.9717194964220128,nan,nan,nan,0.39982799999415874,
1_three_block,0.3,2,SSC-TV-E1E21-L21-PQ,-0.00441001131876795,nan,nan,nan,0.3366685420041904,
1_three_block,0.3,3,OSC,0.9579312069229126,nan,nan,nan,0.2776940000039758,
1_three_block,0.3,3,SSC-TV,0.24527979855745147,nan,nan,nan,0.4178386249986943,
1_three_block,0.3,3,SSC-TV-L21-P,0.9835985593770207,nan,nan,nan,0.37451508300728165,
1_three_block,0.3,3,SSC-TV-L21-PQ,0.028381145762343605,nan,nan,nan,0.09623400001146365,
1_three_block,0.3,3,SSC-TV-E1E21,1.0,nan,nan,nan,0.470726209008717,
1_three_block,0.3,3,SSC-TV-E1E21-L21-P,1.0,nan,nan,nan,0.4254872500023339,
1_three_block,0.3,3,SSC-TV-E1E21-L21-PQ,0.010161246269732352,nan,nan,nan,0.34684275000472553,
1_three_block,0.3,4,OSC,1.0,nan,nan,nan,0.2548883749986999,
1_three_block,0.3,4,SSC-TV,0.1059815681822836,nan,nan,nan,0.4240587910026079,
1_three_block,0.3,4,SSC-TV-L21-P,0.9673244961990264,nan,nan,nan,0.3815885829972103,
1_three_block,0.3,4,SSC-TV-L21-PQ,0.014106499333284497,nan,nan,nan,0.10313020799367223,
1_three_block,0.3,4,SSC-TV-E1E21,0.9835663798870359,nan,nan,nan,0.4796641659922898,
1_three_block,0.3,4,SSC-TV-E1E21-L21-P,0.9673244961990264,nan,nan,nan,0.42317075000028126,
1_three_block,0.3,4,SSC-TV-E1E21-L21-PQ,-0.004272391850882776,nan,nan,nan,0.3525399999925867,
2_three_block_sparse,0.0,0,OSC,1.0,nan,nan,nan,0.26021291701181326,
2_three_block_sparse,0.0,0,SSC-TV,1.0,nan,nan,nan,0.4234669580037007,
2_three_block_sparse,0.0,0,SSC-TV-L21-P,1.0,nan,nan,nan,0.3565484999999171,
2_three_block_sparse,0.0,0,SSC-TV-L21-PQ,1.0,nan,nan,nan,0.11941308299719822,
2_three_block_sparse,0.0,0,SSC-TV-E1E21,0.9673244961990264,nan,nan,nan,0.3997674160054885,
2_three_block_sparse,0.0,0,SSC-TV-E1E21-L21-P,1.0,nan,nan,nan,0.3891484999912791,
2_three_block_sparse,0.0,0,SSC-TV-E1E21-L21-PQ,1.0,nan,nan,nan,0.19956916700175498,
2_three_block_sparse,0.0,1,OSC,1.0,nan,nan,nan,0.24114749999716878,
2_three_block_sparse,0.0,1,SSC-TV,0.9673244961990264,nan,nan,nan,0.398299832988414,
2_three_block_sparse,0.0,1,SSC-TV-L21-P,1.0,nan,nan,nan,0.33944329200312495,
2_three_block_sparse,0.0,1,SSC-TV-L21-PQ,1.0,nan,nan,nan,0.11529608300770633,
2_three_block_sparse,0.0,1,SSC-TV-E1E21,0.9835663798870359,nan,nan,nan,0.4086803329992108,
2_three_block_sparse,0.0,1,SSC-TV-E1E21-L21-P,1.0,nan,nan,nan,0.3687091669999063,
2_three_block_sparse,0.0,1,SSC-TV-E1E21-L21-PQ,1.0,nan,nan,nan,0.22191741700225975,
2_three_block_sparse,0.0,2,OSC,1.0,nan,nan,nan,0.26865358400391415,
2_three_block_sparse,0.0,2,SSC-TV,0.9673244961990264,nan,nan,nan,0.425881124989246,
2_three_block_sparse,0.0,2,SSC-TV-L21-P,0.9835663798870359,nan,nan,nan,0.35716508400219027,
2_three_block_sparse,0.0,2,SSC-TV-L21-PQ,1.0,nan,nan,nan,0.13364933400589507,
2_three_block_sparse,0.0,2,SSC-TV-E1E21,0.9673244961990264,nan,nan,nan,0.42823779198806733,
2_three_block_sparse,0.0,2,SSC-TV-E1E21-L21-P,0.9835663798870359,nan,nan,nan,0.3905228750081733,
2_three_block_sparse,0.0,2,SSC-TV-E1E21-L21-PQ,1.0,nan,nan,nan,0.21887979199527763,
2_three_block_sparse,0.0,3,OSC,1.0,nan,nan,nan,0.2601929999946151,
2_three_block_sparse,0.0,3,SSC-TV,1.0,nan,nan,nan,0.41118049999931827,
2_three_block_sparse,0.0,3,SSC-TV-L21-P,1.0,nan,nan,nan,0.3419824580050772,
2_three_block_sparse,0.0,3,SSC-TV-L21-PQ,1.0,nan,nan,nan,0.1152114580036141,
2_three_block_sparse,0.0,3,SSC-TV-E1E21,0.9835663798870359,nan,nan,nan,0.40831329200591426,
2_three_block_sparse,0.0,3,SSC-TV-E1E21-L21-P,1.0,nan,nan,nan,0.3967081250011688,
2_three_block_sparse,0.0,3,SSC-TV-E1E21-L21-PQ,1.0,nan,nan,nan,0.20811583400063682,
2_three_block_sparse,0.0,4,OSC,0.9847043190764972,nan,nan,nan,0.26714754100248683,
2_three_block_sparse,0.0,4,SSC-TV,0.9354306769844832,nan,nan,nan,0.42453487499733455,
2_three_block_sparse,0.0,4,SSC-TV-L21-P,1.0,nan,nan,nan,0.3593417920055799,
2_three_block_sparse,0.0,4,SSC-TV-L21-PQ,1.0,nan,nan,nan,0.13903554099670146,
2_three_block_sparse,0.0,4,SSC-TV-E1E21,0.9550902901806136,nan,nan,nan,0.4209362090041395,
2_three_block_sparse,0.0,4,SSC-TV-E1E21-L21-P,1.0,nan,nan,nan,0.3950806659995578,
2_three_block_sparse,0.0,4,SSC-TV-E1E21-L21-PQ,1.0,nan,nan,nan,0.22429375001229346,
2_three_block_sparse,0.05,0,OSC,0.8497720708093065,nan,nan,nan,0.2553229589975672,
2_three_block_sparse,0.05,0,SSC-TV,0.9835985593770207,nan,nan,nan,0.42805516700900625,
2_three_block_sparse,0.05,0,SSC-TV-L21-P,1.0,nan,nan,nan,0.364953416006756,
2_three_block_sparse,0.05,0,SSC-TV-L21-PQ,1.0,nan,nan,nan,0.08622929199191276,
2_three_block_sparse,0.05,0,SSC-TV-E1E21,0.9835663798870359,nan,nan,nan,0.4270867910090601,
2_three_block_sparse,0.05,0,SSC-TV-E1E21-L21-P,1.0,nan,nan,nan,0.38977875000273343,
2_three_block_sparse,0.05,0,SSC-TV-E1E21-L21-PQ,0.9835985593770207,nan,nan,nan,0.25114158300857525,
2_three_block_sparse,0.05,1,OSC,0.8865498612275443,nan,nan,nan,0.24986195800011046,
2_three_block_sparse,0.05,1,SSC-TV,0.9835985593770207,nan,nan,nan,0.43081270800030325,
2_three_block_sparse,0.05,1,SSC-TV-L21-P,1.0,nan,nan,nan,0.36277824999706354,
2_three_block_sparse,0.05,1,SSC-TV-L21-PQ,1.0,nan,nan,nan,0.08213291699939873,
2_three_block_sparse,0.05,1,SSC-TV-E1E21,0.9835663798870359,nan,nan,nan,0.4538206249999348,
2_three_block_sparse,0.05,1,SSC-TV-E1E21-L21-P,1.0,nan,nan,nan,0.3688492499932181,
2_three_block_sparse,0.05,1,SSC-TV-E1E21-L21-PQ,0.9224769110134147,nan,nan,nan,0.2690727080043871,
2_three_block_sparse,0.05,2,OSC,0.829393403558733,nan,nan,nan,0.25523358400096186,
2_three_block_sparse,0.05,2,SSC-TV,1.0,nan,nan,nan,0.43056237501150463,
2_three_block_sparse,0.05,2,SSC-TV-L21-P,1.0,nan,nan,nan,0.3557555000006687,
2_three_block_sparse,0.05,2,SSC-TV-L21-PQ,0.9727576901483077,nan,nan,nan,0.08902604099421296,
2_three_block_sparse,0.05,2,SSC-TV-E1E21,0.9835663798870359,nan,nan,nan,0.4157247920084046,
2_three_block_sparse,0.05,2,SSC-TV-E1E21-L21-P,1.0,nan,nan,nan,0.3717252920032479,
2_three_block_sparse,0.05,2,SSC-TV-E1E21-L21-PQ,0.8801206816045501,nan,nan,nan,0.25490437498956453,
2_three_block_sparse,0.05,3,OSC,0.9252976079908487,nan,nan,nan,0.2429655830055708,
2_three_block_sparse,0.05,3,SSC-TV,0.9847043190764972,nan,nan,nan,0.4151709580037277,
2_three_block_sparse,0.05,3,SSC-TV-L21-P,1.0,nan,nan,nan,0.34753312500834,
2_three_block_sparse,0.05,3,SSC-TV-L21-PQ,0.9674523255916755,nan,nan,nan,0.07698291601263918,
2_three_block_sparse,0.05,3,SSC-TV-E1E21,0.9835663798870359,nan,nan,nan,0.44958091599983163,
2_three_block_sparse,0.05,3,SSC-TV-E1E21-L21-P,1.0,nan,nan,nan,0.39286675000039395,
2_three_block_sparse,0.05,3,SSC-TV-E1E21-L21-PQ,0.9564848621391132,nan,nan,nan,0.25971574999857694,
2_three_block_sparse,0.05,4,OSC,0.9094099728130286,nan,nan,nan,0.2541832920105662,
2_three_block_sparse,0.05,4,SSC-TV,0.9879937940352553,nan,nan,nan,0.4327680419955868,
2_three_block_sparse,0.05,4,SSC-TV-L21-P,0.9879937940352553,nan,nan,nan,0.35407770800520666,
2_three_block_sparse,0.05,4,SSC-TV-L21-PQ,0.9682313552342227,nan,nan,nan,0.0842075419932371,
2_three_block_sparse,0.05,4,SSC-TV-E1E21,0.9714453819036818,nan,nan,nan,0.41723545800778084,
2_three_block_sparse,0.05,4,SSC-TV-E1E21-L21-P,0.9879937940352553,nan,nan,nan,0.3937166249961592,
2_three_block_sparse,0.05,4,SSC-TV-E1E21-L21-PQ,0.8379818759142712,nan,nan,nan,0.25929658400127664,
2_three_block_sparse,0.1,0,OSC,0.7612142538771745,nan,nan,nan,0.24637341700145043,
2_three_block_sparse,0.1,0,SSC-TV,0.9532435176195733,nan,nan,nan,0.42303824999544304,
2_three_block_sparse,0.1,0,SSC-TV-L21-P,1.0,nan,nan,nan,0.3781588340061717,
2_three_block_sparse,0.1,0,SSC-TV-L21-PQ,0.9223496118287716,nan,nan,nan,0.06964762500138022,
2_three_block_sparse,0.1,0,SSC-TV-E1E21,0.9835663798870359,nan,nan,nan,0.4157121250027558,
2_three_block_sparse,0.1,0,SSC-TV-E1E21-L21-P,1.0,nan,nan,nan,0.38472895900486037,
2_three_block_sparse,0.1,0,SSC-TV-E1E21-L21-PQ,0.7892098638490994,nan,nan,nan,0.3132157090003602,
2_three_block_sparse,0.1,1,OSC,0.8303349170272497,nan,nan,nan,0.2527364589914214,
2_three_block_sparse,0.1,1,SSC-TV,1.0,nan,nan,nan,0.42924449998827185,
2_three_block_sparse,0.1,1,SSC-TV-L21-P,0.46760092514021684,nan,nan,nan,0.3676171660044929,
2_three_block_sparse,0.1,1,SSC-TV-L21-PQ,0.9438039867109634,nan,nan,nan,0.0705726249871077,
2_three_block_sparse,0.1,1,SSC-TV-E1E21,0.9714453819036818,nan,nan,nan,0.41556875000242144,
2_three_block_sparse,0.1,1,SSC-TV-E1E21-L21-P,1.0,nan,nan,nan,0.3759005839965539,
2_three_block_sparse,0.1,1,SSC-TV-E1E21-L21-PQ,0.5019769977876454,nan,nan,nan,0.30139245800091885,
2_three_block_sparse,0.1,2,OSC,0.823908539690297,nan,nan,nan,0.24514445901149884,
2_three_block_sparse,0.1,2,SSC-TV,1.0,nan,nan,nan,0.41034774998843204,
2_three_block_sparse,0.1,2,SSC-TV-L21-P,1.0,nan,nan,nan,0.34398025000700727,
2_three_block_sparse,0.1,2,SSC-TV-L21-PQ,1.0,nan,nan,nan,0.06881733400223311,
2_three_block_sparse,0.1,2,SSC-TV-E1E21,1.0,nan,nan,nan,0.4112586670089513,
2_three_block_sparse,0.1,2,SSC-TV-E1E21-L21-P,1.0,nan,nan,nan,0.3924302079976769,
2_three_block_sparse,0.1,2,SSC-TV-E1E21-L21-PQ,0.43902890728779725,nan,nan,nan,0.3056971659971168,
2_three_block_sparse,0.1,3,OSC,0.7297772160144784,nan,nan,nan,0.24841258401283994,
2_three_block_sparse,0.1,3,SSC-TV,0.9714453819036818,nan,nan,nan,0.42945512500591576,
2_three_block_sparse,0.1,3,SSC-TV-L21-P,0.9714453819036818,nan,nan,nan,0.356455332992482,
2_three_block_sparse,0.1,3,SSC-TV-L21-PQ,0.8741148051864529,nan,nan,nan,0.06938333400466945,
2_three_block_sparse,0.1,3,SSC-TV-E1E21,0.951278049722938,nan,nan,nan,0.42866870800207835,
2_three_block_sparse,0.1,3,SSC-TV-E1E21-L21-P,1.0,nan,nan,nan,0.3917771249980433,
2_three_block_sparse,0.1,3,SSC-TV-E1E21-L21-PQ,0.6035779175245884,nan,nan,nan,0.30239729199092835,
2_three_block_sparse,0.1,4,OSC,0.816190364115556,nan,nan,nan,0.2390910420072032,
2_three_block_sparse,0.1,4,SSC-TV,0.9879859471417122,nan,nan,nan,0.42973920800432097,
2_three_block_sparse,0.1,4,SSC-TV-L21-P,1.0,nan,nan,nan,0.35211091600649524,
2_three_block_sparse,0.1,4,SSC-TV-L21-PQ,0.8777554820036345,nan,nan,nan,0.0673728330002632,
2_three_block_sparse,0.1,4,SSC-TV-E1E21,0.9673244961990264,nan,nan,nan,0.4162652920058463,
2_three_block_sparse,0.1,4,SSC-TV-E1E21-L21-P,0.9879859471417122,nan,nan,nan,0.3898793749976903,
2_three_block_sparse,0.1,4,SSC-TV-E1E21-L21-PQ,0.19587672283473642,nan,nan,nan,0.3113246659922879,
2_three_block_sparse,0.2,0,OSC,0.5826067361195375,nan,nan,nan,0.24302270899352152,
2_three_block_sparse,0.2,0,SSC-TV,0.6938764672986217,nan,nan,nan,0.4210678750096122,
2_three_block_sparse,0.2,0,SSC-TV-L21-P,0.013864147356676779,nan,nan,nan,0.38059883400273975,
2_three_block_sparse,0.2,0,SSC-TV-L21-PQ,0.3067029215747919,nan,nan,nan,0.07301937500596978,
2_three_block_sparse,0.2,0,SSC-TV-E1E21,0.9716454907387541,nan,nan,nan,0.43283066699223127,
2_three_block_sparse,0.2,0,SSC-TV-E1E21-L21-P,0.9717028788446334,nan,nan,nan,0.4701289579970762,
2_three_block_sparse,0.2,0,SSC-TV-E1E21-L21-PQ,0.10749522994122301,nan,nan,nan,0.3973013750073733,
2_three_block_sparse,0.2,1,OSC,0.6421099506606767,nan,nan,nan,0.28235350000613835,
2_three_block_sparse,0.2,1,SSC-TV,0.6239375438236451,nan,nan,nan,0.41408804200182203,
2_three_block_sparse,0.2,1,SSC-TV-L21-P,0.01842065187666299,nan,nan,nan,0.3724489580054069,
2_three_block_sparse,0.2,1,SSC-TV-L21-PQ,0.15175552701713685,nan,nan,nan,0.07307729199237656,
2_three_block_sparse,0.2,1,SSC-TV-E1E21,0.951278049722938,nan,nan,nan,0.5092335000081221,
2_three_block_sparse,0.2,1,SSC-TV-E1E21-L21-P,1.0,nan,nan,nan,0.4549450829945272,
2_three_block_sparse,0.2,1,SSC-TV-E1E21-L21-PQ,0.08292262260184012,nan,nan,nan,0.4542848329874687,
2_three_block_sparse,0.2,2,OSC,0.616434396002145,nan,nan,nan,0.31585975000052713,
2_three_block_sparse,0.2,2,SSC-TV,0.8265620591440717,nan,nan,nan,0.47668241598876193,
2_three_block_sparse,0.2,2,SSC-TV-L21-P,0.07412343188715421,nan,nan,nan,0.40121662500314415,
2_three_block_sparse,0.2,2,SSC-TV-L21-PQ,0.06753019711118215,nan,nan,nan,0.08038237500295509,
2_three_block_sparse,0.2,2,SSC-TV-E1E21,1.0,nan,nan,nan,0.459719166989089,
2_three_block_sparse,0.2,2,SSC-TV-E1E21-L21-P,1.0,nan,nan,nan,0.39155254200159106,
2_three_block_sparse,0.2,2,SSC-TV-E1E21-L21-PQ,0.05902872413358891,nan,nan,nan,0.3384869580040686,
2_three_block_sparse,0.2,3,OSC,0.7030771892833786,nan,nan,nan,0.2409043749939883,
2_three_block_sparse,0.2,3,SSC-TV,0.7686507528171804,nan,nan,nan,0.43406987498747185,
2_three_block_sparse,0.2,3,SSC-TV-L21-P,-0.0037089493687653477,nan,nan,nan,0.40449354200973175,
2_three_block_sparse,0.2,3,SSC-TV-L21-PQ,0.05269947698819579,nan,nan,nan,0.08016033300373238,
2_three_block_sparse,0.2,3,SSC-TV-E1E21,0.9673244961990264,nan,nan,nan,0.46745129200280644,
2_three_block_sparse,0.2,3,SSC-TV-E1E21-L21-P,1.0,nan,nan,nan,0.3869253329903586,
2_three_block_sparse,0.2,3,SSC-TV-E1E21-L21-PQ,-0.0032955736237002893,nan,nan,nan,0.34243495798727963,
2_three_block_sparse,0.2,4,OSC,0.3277470606088597,nan,nan,nan,0.2408972909906879,
2_three_block_sparse,0.2,4,SSC-TV,0.7929040709659401,nan,nan,nan,0.41511704100412317,
2_three_block_sparse,0.2,4,SSC-TV-L21-P,-0.01589141824983026,nan,nan,nan,0.3662147499999264,
2_three_block_sparse,0.2,4,SSC-TV-L21-PQ,0.10993752835732501,nan,nan,nan,0.08829633299319539,
2_three_block_sparse,0.2,4,SSC-TV-E1E21,0.9835663798870359,nan,nan,nan,0.4874511249945499,
2_three_block_sparse,0.2,4,SSC-TV-E1E21-L21-P,0.9847043190764972,nan,nan,nan,0.39549154200358316,
2_three_block_sparse,0.2,4,SSC-TV-E1E21-L21-PQ,0.07036016957476653,nan,nan,nan,0.35965887499332894,
2_three_block_sparse,0.3,0,OSC,0.6379225521038034,nan,nan,nan,0.2511056670045946,
2_three_block_sparse,0.3,0,SSC-TV,0.011588566232765008,nan,nan,nan,0.41971704199386295,
2_three_block_sparse,0.3,0,SSC-TV-L21-P,0.35250089308736576,nan,nan,nan,0.3697634999989532,
2_three_block_sparse,0.3,0,SSC-TV-L21-PQ,0.013651497663195173,nan,nan,nan,0.0940312499878928,
2_three_block_sparse,0.3,0,SSC-TV-E1E21,0.9835663798870359,nan,nan,nan,0.4602805000031367,
2_three_block_sparse,0.3,0,SSC-TV-E1E21-L21-P,0.9879937940352553,nan,nan,nan,0.44324254199455027,
2_three_block_sparse,0.3,0,SSC-TV-E1E21-L21-PQ,-0.0019735625318147557,nan,nan,nan,0.3422483330068644,
2_three_block_sparse,0.3,1,OSC,0.6718670865231708,nan,nan,nan,0.2627331249968847,
2_three_block_sparse,0.3,1,SSC-TV,0.25222370052141946,nan,nan,nan,0.4287192499905359,
2_three_block_sparse,0.3,1,SSC-TV-L21-P,0.7337155234527789,nan,nan,nan,0.36641333300212864,
2_three_block_sparse,0.3,1,SSC-TV-L21-PQ,0.11925419435749336,nan,nan,nan,0.09118300001136959,
2_three_block_sparse,0.3,1,SSC-TV-E1E21,0.9835663798870359,nan,nan,nan,0.44729758400353603,
2_three_block_sparse,0.3,1,SSC-TV-E1E21-L21-P,0.9268232620129552,nan,nan,nan,0.39277999999467283,
2_three_block_sparse,0.3,1,SSC-TV-E1E21-L21-PQ,0.046449318132397256,nan,nan,nan,0.379573291997076,
2_three_block_sparse,0.3,2,OSC,0.373752959210362,nan,nan,nan,0.2437419170018984,
2_three_block_sparse,0.3,2,SSC-TV,0.1429174926370965,nan,nan,nan,0.40398604099755175,
2_three_block_sparse,0.3,2,SSC-TV-L21-P,0.5407916853532059,nan,nan,nan,0.37084599999070633,
2_three_block_sparse,0.3,2,SSC-TV-L21-PQ,0.14523242954598697,nan,nan,nan,0.08785962499678135,
2_three_block_sparse,0.3,2,SSC-TV-E1E21,0.9673244961990264,nan,nan,nan,0.43873912500566803,
2_three_block_sparse,0.3,2,SSC-TV-E1E21-L21-P,0.9085374000872651,nan,nan,nan,0.39312124998832587,
2_three_block_sparse,0.3,2,SSC-TV-E1E21-L21-PQ,0.08448076152653673,nan,nan,nan,0.33190829199156724,
2_three_block_sparse,0.3,3,OSC,0.6975763221063288,nan,nan,nan,0.23838704200170469,
2_three_block_sparse,0.3,3,SSC-TV,0.4283556849827997,nan,nan,nan,0.4158528340049088,
2_three_block_sparse,0.3,3,SSC-TV-L21-P,0.7956004173645803,nan,nan,nan,0.368386708010803,
2_three_block_sparse,0.3,3,SSC-TV-L21-PQ,0.09914584488605425,nan,nan,nan,0.08930366700224113,
2_three_block_sparse,0.3,3,SSC-TV-E1E21,0.9673244961990264,nan,nan,nan,0.4434469999978319,
2_three_block_sparse,0.3,3,SSC-TV-E1E21-L21-P,0.9549026775863181,nan,nan,nan,0.4024118749948684,
2_three_block_sparse,0.3,3,SSC-TV-E1E21-L21-PQ,-0.004795538702556433,nan,nan,nan,0.3606597920006607,
2_three_block_sparse,0.3,4,OSC,0.5498200855601766,nan,nan,nan,0.23604379199969117,
2_three_block_sparse,0.3,4,SSC-TV,0.23776800692429498,nan,nan,nan,0.4105122089968063,
2_three_block_sparse,0.3,4,SSC-TV-L21-P,0.5615024475064415,nan,nan,nan,0.36727504098962527,
2_three_block_sparse,0.3,4,SSC-TV-L21-PQ,0.03562680309875156,nan,nan,nan,0.08844858298834879,
2_three_block_sparse,0.3,4,SSC-TV-E1E21,1.0,nan,nan,nan,0.45278375000634696,
2_three_block_sparse,0.3,4,SSC-TV-E1E21-L21-P,0.9673244961990264,nan,nan,nan,0.4000933330098633,
2_three_block_sparse,0.3,4,SSC-TV-E1E21-L21-PQ,0.014004002584699053,nan,nan,nan,0.33627995899587404,
3_five_block,0.0,0,OSC,0.9869389260399888,nan,nan,nan,0.24679983299574815,
3_five_block,0.0,0,SSC-TV,1.0,nan,nan,nan,0.4452630839950871,
3_five_block,0.0,0,SSC-TV-L21-P,1.0,nan,nan,nan,0.3581676249887096,
3_five_block,0.0,0,SSC-TV-L21-PQ,1.0,nan,nan,nan,0.09118412500538398,
3_five_block,0.0,0,SSC-TV-E1E21,1.0,nan,nan,nan,0.41158708299917635,
3_five_block,0.0,0,SSC-TV-E1E21-L21-P,1.0,nan,nan,nan,0.3919168339925818,
3_five_block,0.0,0,SSC-TV-E1E21-L21-PQ,0.9190316188775038,nan,nan,nan,0.19545154199295212,
3_five_block,0.0,1,OSC,0.9485664847036261,nan,nan,nan,0.24409474999993108,
3_five_block,0.0,1,SSC-TV,1.0,nan,nan,nan,0.4099523749900982,
3_five_block,0.0,1,SSC-TV-L21-P,1.0,nan,nan,nan,0.35705870800302364,
3_five_block,0.0,1,SSC-TV-L21-PQ,0.9884831523284155,nan,nan,nan,0.10308420800720342,
3_five_block,0.0,1,SSC-TV-E1E21,1.0,nan,nan,nan,0.4100733749946812,
3_five_block,0.0,1,SSC-TV-E1E21-L21-P,1.0,nan,nan,nan,0.3707575409935089,
3_five_block,0.0,1,SSC-TV-E1E21-L21-PQ,0.7468765481171957,nan,nan,nan,0.19607170799281448,
3_five_block,0.0,2,OSC,1.0,nan,nan,nan,0.2426599169994006,
3_five_block,0.0,2,SSC-TV,1.0,nan,nan,nan,0.4087103749916423,
3_five_block,0.0,2,SSC-TV-L21-P,1.0,nan,nan,nan,0.34623570799885783,
3_five_block,0.0,2,SSC-TV-L21-PQ,1.0,nan,nan,nan,0.09392483400006313,
3_five_block,0.0,2,SSC-TV-E1E21,1.0,nan,nan,nan,0.41087012499338016,
3_five_block,0.0,2,SSC-TV-E1E21-L21-P,1.0,nan,nan,nan,0.3944729999930132,
3_five_block,0.0,2,SSC-TV-E1E21-L21-PQ,0.9421688102334989,nan,nan,nan,0.1907296659919666,
3_five_block,0.0,3,OSC,0.9754008548910966,nan,nan,nan,0.2403415419976227,
3_five_block,0.0,3,SSC-TV,1.0,nan,nan,nan,0.4284274589881534,
3_five_block,0.0,3,SSC-TV-L21-P,1.0,nan,nan,nan,0.358286250004312,
3_five_block,0.0,3,SSC-TV-L21-PQ,1.0,nan,nan,nan,0.08918850000191014,
3_five_block,0.0,3,SSC-TV-E1E21,1.0,nan,nan,nan,0.40433329199731816,
3_five_block,0.0,3,SSC-TV-E1E21-L21-P,1.0,nan,nan,nan,0.36787366699718405,
3_five_block,0.0,3,SSC-TV-E1E21-L21-PQ,0.96238559877217,nan,nan,nan,0.19357887499791104,
3_five_block,0.0,4,OSC,1.0,nan,nan,nan,0.27674991700041573,
3_five_block,0.0,4,SSC-TV,1.0,nan,nan,nan,0.43568741698982194,
3_five_block,0.0,4,SSC-TV-L21-P,0.768681851958569,nan,nan,nan,0.36572716699447483,
3_five_block,0.0,4,SSC-TV-L21-PQ,1.0,nan,nan,nan,0.08894425000471529,
3_five_block,0.0,4,SSC-TV-E1E21,1.0,nan,nan,nan,0.3982513750088401,
3_five_block,0.0,4,SSC-TV-E1E21-L21-P,1.0,nan,nan,nan,0.38446270900021773,
3_five_block,0.0,4,SSC-TV-E1E21-L21-PQ,0.8295459813838458,nan,nan,nan,0.19876829200075008,
3_five_block,0.05,0,OSC,0.9775722088235859,nan,nan,nan,0.24881187500432134,
3_five_block,0.05,0,SSC-TV,1.0,nan,nan,nan,0.4285765420063399,
3_five_block,0.05,0,SSC-TV-L21-P,0.9338938838636599,nan,nan,nan,0.38205337499675807,
3_five_block,0.05,0,SSC-TV-L21-PQ,0.9769791055602433,nan,nan,nan,0.08057012500648852,
3_five_block,0.05,0,SSC-TV-E1E21,1.0,nan,nan,nan,0.42957316600950435,
3_five_block,0.05,0,SSC-TV-E1E21-L21-P,1.0,nan,nan,nan,0.3838982919987757,
3_five_block,0.05,0,SSC-TV-E1E21-L21-PQ,0.34324975492697885,nan,nan,nan,0.2633578749955632,
3_five_block,0.05,1,OSC,0.9388053358600217,nan,nan,nan,0.24263116699876264,
3_five_block,0.05,1,SSC-TV,1.0,nan,nan,nan,0.4304274589958368,
3_five_block,0.05,1,SSC-TV-L21-P,0.9231336823976647,nan,nan,nan,0.3651131670048926,
3_five_block,0.05,1,SSC-TV-L21-PQ,0.8380325727331073,nan,nan,nan,0.0722370419971412,
3_five_block,0.05,1,SSC-TV-E1E21,1.0,nan,nan,nan,0.4614429579960415,
3_five_block,0.05,1,SSC-TV-E1E21-L21-P,1.0,nan,nan,nan,0.43375124999147374,
3_five_block,0.05,1,SSC-TV-E1E21-L21-PQ,0.2927794717028095,nan,nan,nan,0.3322058339981595,
3_five_block,0.05,2,OSC,0.9502527399858055,nan,nan,nan,0.3033553339919308,
3_five_block,0.05,2,SSC-TV,1.0,nan,nan,nan,0.4475106250029057,
3_five_block,0.05,2,SSC-TV-L21-P,0.9762123892145955,nan,nan,nan,0.36667341699649114,
3_five_block,0.05,2,SSC-TV-L21-PQ,0.9628974344612345,nan,nan,nan,0.07328579199383967,
3_five_block,0.05,2,SSC-TV-E1E21,1.0,nan,nan,nan,0.4635791250038892,
3_five_block,0.05,2,SSC-TV-E1E21-L21-P,0.9884724690764158,nan,nan,nan,0.40727987499849405,
3_five_block,0.05,2,SSC-TV-E1E21-L21-PQ,0.3016713350830705,nan,nan,nan,0.2865552500006743,
3_five_block,0.05,3,OSC,0.949506950635911,nan,nan,nan,0.2903244170011021,
3_five_block,0.05,3,SSC-TV,1.0,nan,nan,nan,0.4919822500087321,
3_five_block,0.05,3,SSC-TV-L21-P,0.8267009093842275,nan,nan,nan,0.3946112919948064,
3_five_block,0.05,3,SSC-TV-L21-PQ,0.7434879459834098,nan,nan,nan,0.0751045829965733,
3_five_block,0.05,3,SSC-TV-E1E21,1.0,nan,nan,nan,0.4701796660083346,
3_five_block,0.05,3,SSC-TV-E1E21-L21-P,1.0,nan,nan,nan,0.39960608299588785,
3_five_block,0.05,3,SSC-TV-E1E21-L21-PQ,0.3027312048244041,nan,nan,nan,0.27443183299328666,
3_five_block,0.05,4,OSC,0.9473179022559188,nan,nan,nan,0.2611814999982016,
3_five_block,0.05,4,SSC-TV,1.0,nan,nan,nan,0.46255970900529064,
3_five_block,0.05,4,SSC-TV-L21-P,0.9092113486590068,nan,nan,nan,0.369543375010835,
3_five_block,0.05,4,SSC-TV-L21-PQ,0.9627997546466229,nan,nan,nan,0.07335649999731686,
3_five_block,0.05,4,SSC-TV-E1E21,1.0,nan,nan,nan,0.43986824998864904,
3_five_block,0.05,4,SSC-TV-E1E21-L21-P,1.0,nan,nan,nan,0.4190219169977354,
3_five_block,0.05,4,SSC-TV-E1E21-L21-PQ,0.3826624215795453,nan,nan,nan,0.281804333004402,
3_five_block,0.1,0,OSC,0.9480474409264948,nan,nan,nan,0.2559822500043083,
3_five_block,0.1,0,SSC-TV,0.9738439469728116,nan,nan,nan,0.450822541009984,
3_five_block,0.1,0,SSC-TV-L21-P,1.0,nan,nan,nan,0.38178558299841825,
3_five_block,0.1,0,SSC-TV-L21-PQ,0.5278183700414091,nan,nan,nan,0.06602433299121913,
3_five_block,0.1,0,SSC-TV-E1E21,1.0,nan,nan,nan,0.44420466700103134,
3_five_block,0.1,0,SSC-TV-E1E21-L21-P,1.0,nan,nan,nan,0.400058541999897,
3_five_block,0.1,0,SSC-TV-E1E21-L21-PQ,0.16732820068710208,nan,nan,nan,0.3245117500046035,
3_five_block,0.1,1,OSC,0.8871788833070009,nan,nan,nan,0.25932712499343324,
3_five_block,0.1,1,SSC-TV,1.0,nan,nan,nan,0.4375044999906095,
3_five_block,0.1,1,SSC-TV-L21-P,0.9853569201781499,nan,nan,nan,0.35959937500592787,
3_five_block,0.1,1,SSC-TV-L21-PQ,0.49520002558767895,nan,nan,nan,0.08379633299773559,
3_five_block,0.1,1,SSC-TV-E1E21,1.0,nan,nan,nan,0.42526483300025575,
3_five_block,0.1,1,SSC-TV-E1E21-L21-P,1.0,nan,nan,nan,0.3828043750108918,
3_five_block,0.1,1,SSC-TV-E1E21-L21-PQ,0.18412860797626024,nan,nan,nan,0.3577297499869019,
3_five_block,0.1,2,OSC,0.794259263247967,nan,nan,nan,0.2835212920035701,
3_five_block,0.1,2,SSC-TV,0.9853704907955548,nan,nan,nan,0.41958354199596215,
3_five_block,0.1,2,SSC-TV-L21-P,0.8475886907506376,nan,nan,nan,0.3574250000092434,
3_five_block,0.1,2,SSC-TV-L21-PQ,0.304361677862719,nan,nan,nan,0.06308266599080525,
3_five_block,0.1,2,SSC-TV-E1E21,1.0,nan,nan,nan,0.4196235830022488,
3_five_block,0.1,2,SSC-TV-E1E21-L21-P,1.0,nan,nan,nan,0.38012045799405314,
3_five_block,0.1,2,SSC-TV-E1E21-L21-PQ,0.13173706930900905,nan,nan,nan,0.327323208010057,
3_five_block,0.1,3,OSC,0.9131298768952592,nan,nan,nan,0.23992941599863116,
3_five_block,0.1,3,SSC-TV,0.9869146946272829,nan,nan,nan,0.4144192500098143,
3_five_block,0.1,3,SSC-TV-L21-P,0.8989164475648043,nan,nan,nan,0.35090691699588206,
3_five_block,0.1,3,SSC-TV-L21-PQ,0.5089364977243848,nan,nan,nan,0.0669718749995809,
3_five_block,0.1,3,SSC-TV-E1E21,1.0,nan,nan,nan,0.4209267499973066,
3_five_block,0.1,3,SSC-TV-E1E21-L21-P,1.0,nan,nan,nan,0.37371220799104776,
3_five_block,0.1,3,SSC-TV-E1E21-L21-PQ,0.09936784410062376,nan,nan,nan,0.3037612500047544,
3_five_block,0.1,4,OSC,0.922643191790572,nan,nan,nan,0.23989258299116045,
3_five_block,0.1,4,SSC-TV,1.0,nan,nan,nan,0.43085550000250805,
3_five_block,0.1,4,SSC-TV-L21-P,0.8449002997763257,nan,nan,nan,0.35192904199357145,
3_five_block,0.1,4,SSC-TV-L21-PQ,0.35866050192638477,nan,nan,nan,0.06417720900208224,
3_five_block,0.1,4,SSC-TV-E1E21,1.0,nan,nan,nan,0.4167610419972334,
3_five_block,0.1,4,SSC-TV-E1E21-L21-P,1.0,nan,nan,nan,0.3737949160131393,
3_five_block,0.1,4,SSC-TV-E1E21-L21-PQ,0.07262183576562303,nan,nan,nan,0.29913450000458397,
3_five_block,0.2,0,OSC,0.8486993892873085,nan,nan,nan,0.23551083300844766,
3_five_block,0.2,0,SSC-TV,0.6499958158716946,nan,nan,nan,0.4212602909974521,
3_five_block,0.2,0,SSC-TV-L21-P,0.9583135154739539,nan,nan,nan,0.36929295799927786,
3_five_block,0.2,0,SSC-TV-L21-PQ,0.3177485472983204,nan,nan,nan,0.07270820799749345,
3_five_block,0.2,0,SSC-TV-E1E21,1.0,nan,nan,nan,0.4353130839881487,
3_five_block,0.2,0,SSC-TV-E1E21-L21-P,0.9900302435255489,nan,nan,nan,0.3845402080041822,
3_five_block,0.2,0,SSC-TV-E1E21-L21-PQ,0.06445888602490012,nan,nan,nan,0.34417916600068565,
3_five_block,0.2,1,OSC,0.732855954092904,nan,nan,nan,0.23139179199642967,
3_five_block,0.2,1,SSC-TV,0.8554159649842913,nan,nan,nan,0.4130248750007013,
3_five_block,0.2,1,SSC-TV-L21-P,0.947696551037698,nan,nan,nan,0.36160750000271946,
3_five_block,0.2,1,SSC-TV-L21-PQ,0.17563089022412254,nan,nan,nan,0.0760366670001531,
3_five_block,0.2,1,SSC-TV-E1E21,1.0,nan,nan,nan,0.4292110000096727,
3_five_block,0.2,1,SSC-TV-E1E21-L21-P,1.0,nan,nan,nan,0.3843565419956576,
3_five_block,0.2,1,SSC-TV-E1E21-L21-PQ,0.1148418374321184,nan,nan,nan,0.32674091699300334,
3_five_block,0.2,2,OSC,0.7472351965305901,nan,nan,nan,0.2322538330045063,
3_five_block,0.2,2,SSC-TV,0.7951109179536909,nan,nan,nan,0.4057474160072161,
3_five_block,0.2,2,SSC-TV-L21-P,0.9616716377243973,nan,nan,nan,0.35707454099610914,
3_five_block,0.2,2,SSC-TV-L21-PQ,0.2111067842998764,nan,nan,nan,0.07438608299707994,
3_five_block,0.2,2,SSC-TV-E1E21,1.0,nan,nan,nan,0.4529962090018671,
3_five_block,0.2,2,SSC-TV-E1E21-L21-P,1.0,nan,nan,nan,0.38633695799217094,
3_five_block,0.2,2,SSC-TV-E1E21-L21-PQ,0.15007064152374178,nan,nan,nan,0.33717995800543576,
3_five_block,0.2,3,OSC,0.7095839635218637,nan,nan,nan,0.23147904100187588,
3_five_block,0.2,3,SSC-TV,0.9082045093043855,nan,nan,nan,0.40851054099039175,
3_five_block,0.2,3,SSC-TV-L21-P,0.9356448759808925,nan,nan,nan,0.357254374990589,
3_five_block,0.2,3,SSC-TV-L21-PQ,0.2106088767219362,nan,nan,nan,0.07218254200415686,
3_five_block,0.2,3,SSC-TV-E1E21,1.0,nan,nan,nan,0.42838362499605864,
3_five_block,0.2,3,SSC-TV-E1E21-L21-P,1.0,nan,nan,nan,0.38767770800041035,
3_five_block,0.2,3,SSC-TV-E1E21-L21-PQ,0.160205967164309,nan,nan,nan,0.3316570830065757,
3_five_block,0.2,4,OSC,0.7841588887542627,nan,nan,nan,0.23100699999486096,
3_five_block,0.2,4,SSC-TV,0.7442154419689133,nan,nan,nan,0.404613957987749,
3_five_block,0.2,4,SSC-TV-L21-P,0.9713953254918382,nan,nan,nan,0.37591495900414884,
3_five_block,0.2,4,SSC-TV-L21-PQ,0.16408432826770478,nan,nan,nan,0.07443925000552554,
3_five_block,0.2,4,SSC-TV-E1E21,1.0,nan,nan,nan,0.4420878750097472,
3_five_block,0.2,4,SSC-TV-E1E21-L21-P,0.9869268215619852,nan,nan,nan,0.39818537500104867,
3_five_block,0.2,4,SSC-TV-E1E21-L21-PQ,0.060380065442692595,nan,nan,nan,0.3351555420085788,
3_five_block,0.3,0,OSC,0.6559262655233951,nan,nan,nan,0.23707849999482278,
3_five_block,0.3,0,SSC-TV,0.37471928906895463,nan,nan,nan,0.41416141600348055,
3_five_block,0.3,0,SSC-TV-L21-P,0.9877220550035691,nan,nan,nan,0.37389004199940246,
3_five_block,0.3,0,SSC-TV-L21-PQ,0.04806836024352892,nan,nan,nan,0.08752541699504945,
3_five_block,0.3,0,SSC-TV-E1E21,0.9869146946272829,nan,nan,nan,0.4415418749995297,
3_five_block,0.3,0,SSC-TV-E1E21-L21-P,0.9877220550035691,nan,nan,nan,0.41307337500620633,
3_five_block,0.3,0,SSC-TV-E1E21-L21-PQ,0.005879408383064926,nan,nan,nan,0.3324016670085257,
3_five_block,0.3,1,OSC,0.5940852880825236,nan,nan,nan,0.23459595900203567,
3_five_block,0.3,1,SSC-TV,0.223230683070984,nan,nan,nan,0.40191754199622665,
3_five_block,0.3,1,SSC-TV-L21-P,0.9345533243736223,nan,nan,nan,0.3646264999988489,
3_five_block,0.3,1,SSC-TV-L21-PQ,0.07730943850762864,nan,nan,nan,0.09372458299912978,
3_five_block,0.3,1,SSC-TV-E1E21,1.0,nan,nan,nan,0.4583433330117259,
3_five_block,0.3,1,SSC-TV-E1E21-L21-P,0.9869146946272829,nan,nan,nan,0.4076185419980902,
3_five_block,0.3,1,SSC-TV-E1E21-L21-PQ,0.06355627348502323,nan,nan,nan,0.3373285410052631,
3_five_block,0.3,2,OSC,0.4863498135746385,nan,nan,nan,0.22987208400445525,
3_five_block,0.3,2,SSC-TV,0.1717374857479781,nan,nan,nan,0.4071519170101965,
3_five_block,0.3,2,SSC-TV-L21-P,0.9869146946272829,nan,nan,nan,0.3630846250016475,
3_five_block,0.3,2,SSC-TV-L21-PQ,0.07523616455394812,nan,nan,nan,0.08626337499299552,
3_five_block,0.3,2,SSC-TV-E1E21,1.0,nan,nan,nan,0.4613426249998156,
3_five_block,0.3,2,SSC-TV-E1E21-L21-P,0.965462260260452,nan,nan,nan,0.3923466249980265,
3_five_block,0.3,2,SSC-TV-E1E21-L21-PQ,0.017013717779126993,nan,nan,nan,0.3330552079860354,
3_five_block,0.3,3,OSC,0.6301314974969069,nan,nan,nan,0.22915070799353998,
3_five_block,0.3,3,SSC-TV,0.14418036451842897,nan,nan,nan,0.40578362499945797,
3_five_block,0.3,3,SSC-TV-L21-P,0.9729749452782837,nan,nan,nan,0.3658596250024857,
3_five_block,0.3,3,SSC-TV-L21-PQ,0.17812480055630842,nan,nan,nan,0.09021866599505302,
3_five_block,0.3,3,SSC-TV-E1E21,1.0,nan,nan,nan,0.464190625003539,
3_five_block,0.3,3,SSC-TV-E1E21-L21-P,0.9758064421855097,nan,nan,nan,0.39599504201032687,
3_five_block,0.3,3,SSC-TV-E1E21-L21-PQ,0.05881306060929403,nan,nan,nan,0.33412099999259226,
3_five_block,0.3,4,OSC,0.5590523541687805,nan,nan,nan,0.2328715409967117,
3_five_block,0.3,4,SSC-TV,0.27260909884713996,nan,nan,nan,0.42673983400163706,
3_five_block,0.3,4,SSC-TV-L21-P,0.9611277560713952,nan,nan,nan,0.37126991599507164,
3_five_block,0.3,4,SSC-TV-L21-PQ,0.07069999479703537,nan,nan,nan,0.08563095900171902,
3_five_block,0.3,4,SSC-TV-E1E21,0.9884831523284155,nan,nan,nan,0.4467903750046389,
3_five_block,0.3,4,SSC-TV-E1E21-L21-P,0.9884831523284155,nan,nan,nan,0.3979186249925988,
3_five_block,0.3,4,SSC-TV-E1E21-L21-PQ,0.0211879847579077,nan,nan,nan,0.3682370419992367,
4_three_block_outliers,0.0,0,OSC,1.0,1.0,1.0,1.0,0.24005491599382367,
4_three_block_outliers,0.0,0,SSC-TV,1.0,0.8,0.8,0.8000000000000002,0.4257234579999931,
4_three_block_outliers,0.0,0,SSC-TV-L21-P,0.981733316782182,1.0,1.0,1.0,0.37485833300161175,
4_three_block_outliers,0.0,0,SSC-TV-L21-PQ,0.9697645283359585,0.1,0.1,0.10000000000000002,0.07637745898682624,
4_three_block_outliers,0.0,0,SSC-TV-E1E21,1.0,0.95,0.95,0.9500000000000001,0.4310584589984501,
4_three_block_outliers,0.0,0,SSC-TV-E1E21-L21-P,1.0,0.9,0.9,0.9,0.38107200000376906,
4_three_block_outliers,0.0,0,SSC-TV-E1E21-L21-PQ,0.8098241617439352,0.4,0.4,0.4000000000000001,0.17708691699954215,
4_three_block_outliers,0.0,1,OSC,1.0,1.0,1.0,1.0,0.23727504099952057,
4_three_block_outliers,0.0,1,SSC-TV,1.0,0.85,0.85,0.85,0.4403469170065364,
4_three_block_outliers,0.0,1,SSC-TV-L21-P,0.5931191895845379,1.0,1.0,1.0,0.35547095800575335,
4_three_block_outliers,0.0,1,SSC-TV-L21-PQ,0.935415146098371,0.1,0.1,0.10000000000000002,0.07224358301027678,
4_three_block_outliers,0.0,1,SSC-TV-E1E21,0.9631033758464351,1.0,1.0,1.0,0.41709758300567046,
4_three_block_outliers,0.0,1,SSC-TV-E1E21-L21-P,1.0,1.0,1.0,1.0,0.3725603329949081,
4_three_block_outliers,0.0,1,SSC-TV-E1E21-L21-PQ,0.6794609684948117,0.4,0.4,0.4000000000000001,0.1772602499986533,
4_three_block_outliers,0.0,2,OSC,1.0,1.0,1.0,1.0,0.23277116598910652,
4_three_block_outliers,0.0,2,SSC-TV,0.9292499463869427,0.85,0.85,0.85,0.41548520799551625,
4_three_block_outliers,0.0,2,SSC-TV-L21-P,0.5513447559101121,1.0,1.0,1.0,0.34980008300044574,
4_three_block_outliers,0.0,2,SSC-TV-L21-PQ,0.9480012137633334,0.15,0.15,0.15,0.07235675000993069,
4_three_block_outliers,0.0,2,SSC-TV-E1E21,1.0,0.95,0.95,0.9500000000000001,0.4267352919996483,
4_three_block_outliers,0.0,2,SSC-TV-E1E21-L21-P,1.0,0.95,0.95,0.9500000000000001,0.37541729099757504,
4_three_block_outliers,0.0,2,SSC-TV-E1E21-L21-PQ,0.6528454769860603,0.4,0.4,0.4000000000000001,0.1775105000124313,
4_three_block_outliers,0.0,3,OSC,1.0,1.0,1.0,1.0,0.23473362499498762,
4_three_block_outliers,0.0,3,SSC-TV,1.0,0.8,0.8,0.8000000000000002,0.4488858330005314,
4_three_block_outliers,0.0,3,SSC-TV-L21-P,0.6577369471815214,1.0,1.0,1.0,0.34958212499623187,
4_three_block_outliers,0.0,3,SSC-TV-L21-PQ,1.0,0.05,0.05,0.05000000000000001,0.07327737500600051,
4_three_block_outliers,0.0,3,SSC-TV-E1E21,1.0,0.95,0.95,0.9500000000000001,0.41790166700957343,
4_three_block_outliers,0.0,3,SSC-TV-E1E21-L21-P,1.0,0.9,0.9,0.9,0.37419095799850766,
4_three_block_outliers,0.0,3,SSC-TV-E1E21-L21-PQ,0.819009308967406,0.35,0.35,0.35,0.18253279199416284,
4_three_block_outliers,0.0,4,OSC,1.0,1.0,1.0,1.0,0.2328164159989683,
4_three_block_outliers,0.0,4,SSC-TV,1.0,0.8,0.8,0.8000000000000002,0.40857441700063646,
4_three_block_outliers,0.0,4,SSC-TV-L21-P,0.5373945449468787,1.0,1.0,1.0,0.3477328329900047,
4_three_block_outliers,0.0,4,SSC-TV-L21-PQ,1.0,0.1,0.1,0.10000000000000002,0.07260916699306108,
4_three_block_outliers,0.0,4,SSC-TV-E1E21,1.0,1.0,1.0,1.0,0.40785454199067317,
4_three_block_outliers,0.0,4,SSC-TV-E1E21-L21-P,1.0,0.95,0.95,0.9500000000000001,0.38740200000756886,
4_three_block_outliers,0.0,4,SSC-TV-E1E21-L21-PQ,0.5176901968042557,0.25,0.25,0.25,0.17287833300360944,
4_three_block_outliers,0.05,0,OSC,1.0,0.85,0.85,0.85,0.2391898750065593,
4_three_block_outliers,0.05,0,SSC-TV,1.0,0.4,0.4,0.4000000000000001,0.40966820799803827,
4_three_block_outliers,0.05,0,SSC-TV-L21-P,0.5687206629102558,1.0,1.0,1.0,0.3589727079961449,
4_three_block_outliers,0.05,0,SSC-TV-L21-PQ,0.9018099041448471,0.15,0.15,0.15,0.06969987500633579,
4_three_block_outliers,0.05,0,SSC-TV-E1E21,1.0,0.5,0.5,0.5,0.4253592919994844,
4_three_block_outliers,0.05,0,SSC-TV-E1E21-L21-P,1.0,0.45,0.45,0.45,0.3875146670034155,
4_three_block_outliers,0.05,0,SSC-TV-E1E21-L21-PQ,0.36051698968480766,0.25,0.25,0.25,0.2700680419948185,
4_three_block_outliers,0.05,1,OSC,1.0,0.85,0.85,0.85,0.2423034589883173,
4_three_block_outliers,0.05,1,SSC-TV,1.0,0.35,0.35,0.35,0.4144003330002306,
4_three_block_outliers,0.05,1,SSC-TV-L21-P,0.9469282198030887,0.95,0.95,0.9500000000000001,0.35526100000424776,
4_three_block_outliers,0.05,1,SSC-TV-L21-PQ,0.7895552991308104,0.1,0.1,0.10000000000000002,0.06953075001365505,
4_three_block_outliers,0.05,1,SSC-TV-E1E21,1.0,0.6,0.6,0.6,0.43583079098607413,
4_three_block_outliers,0.05,1,SSC-TV-E1E21-L21-P,1.0,0.55,0.55,0.55,0.38348529099312145,
4_three_block_outliers,0.05,1,SSC-TV-E1E21-L21-PQ,0.43797996226430747,0.15,0.15,0.15,0.2582786249986384,
4_three_block_outliers,0.05,2,OSC,1.0,0.9,0.9,0.9,0.23584037499676924,
4_three_block_outliers,0.05,2,SSC-TV,0.9829064354837561,0.4,0.4,0.4000000000000001,0.4139599580084905,
4_three_block_outliers,0.05,2,SSC-TV-L21-P,0.9284593734607922,1.0,1.0,1.0,0.3575071250088513,
4_three_block_outliers,0.05,2,SSC-TV-L21-PQ,0.6187813287490197,0.15,0.15,0.15,0.06838808399334084,
4_three_block_outliers,0.05,2,SSC-TV-E1E21,1.0,0.45,0.45,0.45,0.4213926249940414,
4_three_block_outliers,0.05,2,SSC-TV-E1E21-L21-P,1.0,0.4,0.4,0.4000000000000001,0.3909647920081625,
4_three_block_outliers,0.05,2,SSC-TV-E1E21-L21-PQ,0.48456718429246254,0.05,0.05,0.05000000000000001,0.265952166999341,
4_three_block_outliers,0.05,3,OSC,0.981815332755723,0.9,0.9,0.9,0.2378761250001844,
4_three_block_outliers,0.05,3,SSC-TV,0.9469730175547509,0.5,0.5,0.5,0.41042850000667386,
4_three_block_outliers,0.05,3,SSC-TV-L21-P,0.9137287691755185,1.0,1.0,1.0,0.3532742500101449,
4_three_block_outliers,0.05,3,SSC-TV-L21-PQ,0.8450792384973038,0.15,0.15,0.15,0.06818449999263976,
4_three_block_outliers,0.05,3,SSC-TV-E1E21,0.9817731933568891,0.75,0.75,0.75,0.4448779169906629,
4_three_block_outliers,0.05,3,SSC-TV-E1E21-L21-P,0.9817731933568891,0.65,0.65,0.65,0.3781120410130825,
4_three_block_outliers,0.05,3,SSC-TV-E1E21-L21-PQ,0.6197028833660582,0.15,0.15,0.15,0.2672265840083128,
4_three_block_outliers,0.05,4,OSC,1.0,0.85,0.85,0.85,0.2338283339922782,
4_three_block_outliers,0.05,4,SSC-TV,1.0,0.4,0.4,0.4000000000000001,0.41208829199604224,
4_three_block_outliers,0.05,4,SSC-TV-L21-P,0.7615890663348353,0.9,0.9,0.9,0.3606737080117455,
4_three_block_outliers,0.05,4,SSC-TV-L21-PQ,0.5601533335081472,0.15,0.15,0.15,0.07125895899662282,
4_three_block_outliers,0.05,4,SSC-TV-E1E21,1.0,0.45,0.45,0.45,0.42386720899958163,
4_three_block_outliers,0.05,4,SSC-TV-E1E21-L21-P,1.0,0.4,0.4,0.4000000000000001,0.3834612500068033,
4_three_block_outliers,0.05,4,SSC-TV-E1E21-L21-PQ,0.22729250175871105,0.2,0.2,0.20000000000000004,0.2662513340037549,
4_three_block_outliers,0.1,0,OSC,1.0,0.75,0.75,0.75,0.23380662499403115,
4_three_block_outliers,0.1,0,SSC-TV,1.0,0.4,0.4,0.4000000000000001,0.41273908301081974,
4_three_block_outliers,0.1,0,SSC-TV-L21-P,0.981628541767609,0.9,0.9,0.9,0.36189220899541397,
4_three_block_outliers,0.1,0,SSC-TV-L21-PQ,0.40217452549190563,0.1,0.1,0.10000000000000002,0.07465712500561494,
4_three_block_outliers,0.1,0,SSC-TV-E1E21,1.0,0.6,0.6,0.6,0.4481742500065593,
4_three_block_outliers,0.1,0,SSC-TV-E1E21-L21-P,1.0,0.5,0.5,0.5,0.3968718340038322,
4_three_block_outliers,0.1,0,SSC-TV-E1E21-L21-PQ,0.10371926489801495,0.3,0.3,0.3,0.29974270799721126,
4_three_block_outliers,0.1,1,OSC,1.0,0.75,0.75,0.75,0.23606012501113582,
4_three_block_outliers,0.1,1,SSC-TV,0.946684665179069,0.4,0.4,0.4000000000000001,0.4105622919887537,
4_three_block_outliers,0.1,1,SSC-TV-L21-P,0.9464012466014324,0.85,0.85,0.85,0.3576387499924749,
4_three_block_outliers,0.1,1,SSC-TV-L21-PQ,0.27203518038516367,0.0,0.0,0.0,0.07381095799792092,
4_three_block_outliers,0.1,1,SSC-TV-E1E21,1.0,0.5,0.5,0.5,0.43533100000058766,
4_three_block_outliers,0.1,1,SSC-TV-E1E21-L21-P,0.9464012466014324,0.4,0.4,0.4000000000000001,0.40802754201286007,
4_three_block_outliers,0.1,1,SSC-TV-E1E21-L21-PQ,0.08686336893873643,0.15,0.15,0.15,0.29974008300632704,
4_three_block_outliers,0.1,2,OSC,1.0,0.8,0.8,0.8000000000000002,0.2353362499998184,
4_three_block_outliers,0.1,2,SSC-TV,0.9813785108527856,0.3,0.3,0.3,0.4088315000117291,
4_three_block_outliers,0.1,2,SSC-TV-L21-P,0.9339858985819876,0.9,0.9,0.9,0.3577757500024745,
4_three_block_outliers,0.1,2,SSC-TV-L21-PQ,0.49303021013497317,0.1,0.1,0.10000000000000002,0.07063299999572337,
4_three_block_outliers,0.1,2,SSC-TV-E1E21,0.9629904033151766,0.4,0.4,0.4000000000000001,0.43332637500134297,
4_three_block_outliers,0.1,2,SSC-TV-E1E21-L21-P,0.9648384399272609,0.45,0.45,0.45,0.39021429199783597,
4_three_block_outliers,0.1,2,SSC-TV-E1E21-L21-PQ,0.3072396513991635,0.3,0.3,0.3,0.3100419999973383,
4_three_block_outliers,0.1,3,OSC,1.0,0.65,0.65,0.65,0.23313879099441692,
4_three_block_outliers,0.1,3,SSC-TV,0.8016146251634131,0.3,0.3,0.3,0.4137287089979509,
4_three_block_outliers,0.1,3,SSC-TV-L21-P,0.96466048724085,0.8,0.8,0.8000000000000002,0.3600369579944527,
4_three_block_outliers,0.1,3,SSC-TV-L21-PQ,0.48772622620038986,0.1,0.1,0.10000000000000002,0.07196566701168194,
4_three_block_outliers,0.1,3,SSC-TV-E1E21,1.0,0.4,0.4,0.4000000000000001,0.45619325000734534,
4_three_block_outliers,0.1,3,SSC-TV-E1E21-L21-P,1.0,0.4,0.4,0.4000000000000001,0.39365054199879523,
4_three_block_outliers,0.1,3,SSC-TV-E1E21-L21-PQ,0.23445334710631485,0.1,0.1,0.10000000000000002,0.3056015840120381,
4_three_block_outliers,0.1,4,OSC,1.0,0.65,0.65,0.65,0.2356022909953026,
4_three_block_outliers,0.1,4,SSC-TV,0.9071026566995267,0.25,0.25,0.25,0.41675004200078547,
4_three_block_outliers,0.1,4,SSC-TV-L21-P,0.9113307301048789,0.85,0.85,0.85,0.3639917079999577,
4_three_block_outliers,0.1,4,SSC-TV-L21-PQ,0.32592502546603713,0.05,0.05,0.05000000000000001,0.07092070799262729,
4_three_block_outliers,0.1,4,SSC-TV-E1E21,1.0,0.5,0.5,0.5,0.42775937500118744,
4_three_block_outliers,0.1,4,SSC-TV-E1E21-L21-P,1.0,0.45,0.45,0.45,0.38776041599339806,
4_three_block_outliers,0.1,4,SSC-TV-E1E21-L21-PQ,0.2242565635051195,0.15,0.15,0.15,0.30246383300982416,
4_three_block_outliers,0.2,0,OSC,0.9871764146778735,0.5,0.5,0.5,0.23506391698902007,
4_three_block_outliers,0.2,0,SSC-TV,0.5827861970841586,0.5,0.5,0.5,0.42205283300427254,
4_three_block_outliers,0.2,0,SSC-TV-L21-P,0.9623795432513009,0.55,0.55,0.55,0.36418350000167266,
4_three_block_outliers,0.2,0,SSC-TV-L21-PQ,0.06015145950257994,0.15,0.15,0.15,0.0857653749990277,
4_three_block_outliers,0.2,0,SSC-TV-E1E21,1.0,0.5,0.5,0.5,0.4442247500119265,
4_three_block_outliers,0.2,0,SSC-TV-E1E21-L21-P,0.9623795432513009,0.35,0.35,0.35,0.3967884580051759,
4_three_block_outliers,0.2,0,SSC-TV-E1E21-L21-PQ,0.007025291181098009,0.4,0.4,0.4000000000000001,0.3339465419994667,
4_three_block_outliers,0.2,1,OSC,1.0,0.55,0.55,0.55,0.2295226249989355,
4_three_block_outliers,0.2,1,SSC-TV,0.5830308986449357,0.3,0.3,0.3,0.4009264170017559,
4_three_block_outliers,0.2,1,SSC-TV-L21-P,0.9185489165775517,0.75,0.75,0.75,0.35987337499682326,
4_three_block_outliers,0.2,1,SSC-TV-L21-PQ,0.11682809684025885,0.1,0.1,0.10000000000000002,0.08304679200227838,
4_three_block_outliers,0.2,1,SSC-TV-E1E21,0.9816567948951276,0.45,0.45,0.45,0.4378757499944186,
4_three_block_outliers,0.2,1,SSC-TV-E1E21-L21-P,1.0,0.3,0.3,0.3,0.4014235409995308,
4_three_block_outliers,0.2,1,SSC-TV-E1E21-L21-PQ,0.054279176034036515,0.25,0.25,0.25,0.3667147920059506,
4_three_block_outliers,0.2,2,OSC,1.0,0.55,0.55,0.55,0.22378700000990648,
4_three_block_outliers,0.2,2,SSC-TV,0.7084835552493158,0.3,0.3,0.3,0.40712970901222434,
4_three_block_outliers,0.2,2,SSC-TV-L21-P,0.9541694403969965,0.7,0.7,0.7,0.3625107499974547,
4_three_block_outliers,0.2,2,SSC-TV-L21-PQ,0.10886023487550697,0.1,0.1,0.10000000000000002,0.08817441599967424,
4_three_block_outliers,0.2,2,SSC-TV-E1E21,0.9814943296718422,0.4,0.4,0.4000000000000001,0.45892241700494196,
4_three_block_outliers,0.2,2,SSC-TV-E1E21-L21-P,0.9520824334941113,0.35,0.35,0.35,0.3969861670047976,
4_three_block_outliers,0.2,2,SSC-TV-E1E21-L21-PQ,0.049167880111139234,0.1,0.1,0.10000000000000002,0.3293672500003595,
4_three_block_outliers,0.2,3,OSC,0.9828070496229376,0.65,0.65,0.65,0.2319570410036249,
4_three_block_outliers,0.2,3,SSC-TV,0.8612890937214074,0.55,0.55,0.55,0.4027249579958152,
4_three_block_outliers,0.2,3,SSC-TV-L21-P,0.9294521623223724,0.7,0.7,0.7,0.3911798749904847,
4_three_block_outliers,0.2,3,SSC-TV-L21-PQ,0.40598461902403815,0.1,0.1,0.10000000000000002,0.08319970799493603,
4_three_block_outliers,0.2,3,SSC-TV-E1E21,1.0,0.5,0.5,0.5,0.4427353750070324,
4_three_block_outliers,0.2,3,SSC-TV-E1E21-L21-P,0.9469064185508259,0.55,0.55,0.55,0.3954784999950789,
4_three_block_outliers,0.2,3,SSC-TV-E1E21-L21-PQ,0.04323302529189644,0.3,0.3,0.3,0.33336424999288283,
4_three_block_outliers,0.2,4,OSC,1.0,0.65,0.65,0.65,0.2348945419944357,
4_three_block_outliers,0.2,4,SSC-TV,0.21425373535003497,0.3,0.3,0.3,0.4099738340009935,
4_three_block_outliers,0.2,4,SSC-TV-L21-P,0.981733316782182,0.65,0.65,0.65,0.36349154100753367,
4_three_block_outliers,0.2,4,SSC-TV-L21-PQ,0.24826746246779838,0.1,0.1,0.10000000000000002,0.08770050000748597,
4_three_block_outliers,0.2,4,SSC-TV-E1E21,0.9816958346182698,0.55,0.55,0.55,0.4543342500110157,
4_three_block_outliers,0.2,4,SSC-TV-E1E21-L21-P,1.0,0.5,0.5,0.5,0.40572137499111705,
4_three_block_outliers,0.2,4,SSC-TV-E1E21-L21-PQ,0.06332585978933523,0.25,0.25,0.25,0.3312522500054911,
4_three_block_outliers,0.3,0,OSC,0.9527731031975214,0.3,0.3,0.3,0.24710695799149107,
4_three_block_outliers,0.3,0,SSC-TV,0.32462823176971833,0.2,0.2,0.20000000000000004,0.40064720799273346,
4_three_block_outliers,0.3,0,SSC-TV-L21-P,0.950567826304619,0.35,0.35,0.35,0.36332895800296683,
4_three_block_outliers,0.3,0,SSC-TV-L21-PQ,0.019991531162268643,0.0,0.0,0.0,0.09759412499261089,
4_three_block_outliers,0.3,0,SSC-TV-E1E21,1.0,0.35,0.35,0.35,0.44539308300591074,
4_three_block_outliers,0.3,0,SSC-TV-E1E21-L21-P,0.9027789890155558,0.3,0.3,0.3,0.40462275000754744,
4_three_block_outliers,0.3,0,SSC-TV-E1E21-L21-PQ,0.07119313232867451,0.1,0.1,0.10000000000000002,0.3326342499931343,
4_three_block_outliers,0.3,1,OSC,0.9647690058495765,0.6,0.6,0.6,0.2290385829983279,
4_three_block_outliers,0.3,1,SSC-TV,0.0941048008640231,0.3,0.3,0.3,0.40430629201000556,
4_three_block_outliers,0.3,1,SSC-TV-L21-P,0.7834340996430322,0.45,0.45,0.45,0.3661629999987781,
4_three_block_outliers,0.3,1,SSC-TV-L21-PQ,-0.007515979495613457,0.1,0.1,0.10000000000000002,0.0975689580081962,
4_three_block_outliers,0.3,1,SSC-TV-E1E21,1.0,0.55,0.55,0.55,0.4710291670053266,
4_three_block_outliers,0.3,1,SSC-TV-E1E21-L21-P,0.9532805653191202,0.4,0.4,0.4000000000000001,0.4015146250021644,
4_three_block_outliers,0.3,1,SSC-TV-E1E21-L21-PQ,0.004780298538629723,0.15,0.15,0.15,0.3316951250017155,
4_three_block_outliers,0.3,2,OSC,0.9818181614523639,0.4,0.4,0.4000000000000001,0.23035404199617915,
4_three_block_outliers,0.3,2,SSC-TV,0.19731280165258808,0.15,0.15,0.15,0.4064957090013195,
4_three_block_outliers,0.3,2,SSC-TV-L21-P,0.8315115105381318,0.3,0.3,0.3,0.36619862499355804,
4_three_block_outliers,0.3,2,SSC-TV-L21-PQ,0.05562799126418034,0.1,0.1,0.10000000000000002,0.09840166600770317,
4_three_block_outliers,0.3,2,SSC-TV-E1E21,0.8956339782338647,0.35,0.35,0.35,0.4558510000060778,
4_three_block_outliers,0.3,2,SSC-TV-E1E21-L21-P,0.8480972000080177,0.2,0.2,0.20000000000000004,0.40423404100874905,
4_three_block_outliers,0.3,2,SSC-TV-E1E21-L21-PQ,0.06530809360064009,0.1,0.1,0.10000000000000002,0.3423691250063712,
4_three_block_outliers,0.3,3,OSC,0.8751310954155237,0.45,0.45,0.45,0.23331675000372343,
4_three_block_outliers,0.3,3,SSC-TV,0.09158859005845572,0.3,0.3,0.3,0.41119033300492447,
4_three_block_outliers,0.3,3,SSC-TV-L21-P,0.850821194689601,0.3,0.3,0.3,0.36402929200266954,
4_three_block_outliers,0.3,3,SSC-TV-L21-PQ,-0.006558257199774078,0.1,0.1,0.10000000000000002,0.09786595799960196,
4_three_block_outliers,0.3,3,SSC-TV-E1E21,1.0,0.45,0.45,0.45,0.45309641599305905,
4_three_block_outliers,0.3,3,SSC-TV-E1E21-L21-P,0.9296867599376625,0.25,0.25,0.25,0.401008417000412,
4_three_block_outliers,0.3,3,SSC-TV-E1E21-L21-PQ,0.002190339293251503,0.15,0.15,0.15,0.3325109170109499,
4_three_block_outliers,0.3,4,OSC,1.0,0.4,0.4,0.4000000000000001,0.2317839999886928,
4_three_block_outliers,0.3,4,SSC-TV,0.20374312043548756,0.2,0.2,0.20000000000000004,0.4051527910050936,
4_three_block_outliers,0.3,4,SSC-TV-L21-P,0.7292298902662875,0.35,0.35,0.35,0.39108633299474604,
4_three_block_outliers,0.3,4,SSC-TV-L21-PQ,0.10589971592750075,0.05,0.05,0.05000000000000001,0.09573241700127255,
4_three_block_outliers,0.3,4,SSC-TV-E1E21,0.9816919270679308,0.35,0.35,0.35,0.453685458007385,
4_three_block_outliers,0.3,4,SSC-TV-E1E21-L21-P,0.9516356305944988,0.2,0.2,0.20000000000000004,0.3934964580112137,
4_three_block_outliers,0.3,4,SSC-TV-E1E21-L21-PQ,0.03008956515277553,0.1,0.1,0.10000000000000002,0.3371846660011215,
